{
  "cats": {
    "precision": 0.9896373056994818,
    "recall": 0.955,
    "f1-score": 0.9720101781170484,
    "support": 200.0
  },
  "dogs": {
    "precision": 0.9519230769230769,
    "recall": 0.99,
    "f1-score": 0.9705882352941176,
    "support": 200.0
  },
  "snakes": {
    "precision": 0.9949748743718593,
    "recall": 0.99,
    "f1-score": 0.9924812030075187,
    "support": 200.0
  },
  "accuracy": 0.9783333333333334,
  "macro avg": {
    "precision": 0.978845085664806,
    "recall": 0.9783333333333332,
    "f1-score": 0.9783598721395617,
    "support": 600.0
  },
  "weighted avg": {
    "precision": 0.9788450856648061,
    "recall": 0.9783333333333334,
    "f1-score": 0.9783598721395618,
    "support": 600.0
  }
}